time,data,lpme,pme
0,8008.2421875,7658.0859375,7955.5078125
0.13626486836883492,8096.8359375,7282.6171875,7950.234375
0.2669376396457487,8334.140625,7399.6875,7601.1328125
0.5291314323038444,7867.96875,7098.046875,7759.3359375
0.75565132125403,7804.6875,7657.03125,7707.65625
1,7911.2109375,7137.0703125,7745.625
